Region,U-wide/ Faculty,Country,University Name,Regular semester workload for full-time undergraduate students,Units,Conversion,Remarks
Americas,BIZ,Brazil,FGV EAESP - Fundação Getulio Vargas São Paulo School of Business Administration,28,FGV credits,0.7142857142857143,No Change by BIZ
Americas,CDE,Brazil,University of Sao Paulo,20,credits,1,GRO's Info tallies with PVO's search
Americas,U-wide,Canada,Concordia University,15,credits,1.3333333333333333,GRO Info & FASS website Tallies
Americas,U-wide,Canada,Dalhousie University ,15,credit hours,1.3333333333333333,GRO Info & FASS website Tallies
Americas,BIZ,Canada,HEC Montréal,15,units,1.3333333333333333,GRO Info - Verified by PVO
Americas,U-wide,Canada,McGill University,15,credits,1.3333333333333333,GRO Info & FASS website Tallies
Americas,U-wide,Canada,McMaster University,15,units,1.3333333333333333,GRO Info - Verified by PVO
Americas,U-wide,Canada,Queen’s University at Kingston,15,units,1.3333333333333333,GRO Info & FASS website Tallies
Americas,BIZ,Canada,Queen's University Smith School of Business,15,Queen’s units,1.3333333333333333,GRO Info & FASS website Tallies
Americas,U-wide,Canada,Simon Fraser University,15,units,1.3333333333333333,GRO Info & FASS website Tallies
Americas,U-wide,Canada,University of Alberta,15,credits,1.3333333333333333,GRO Info & FASS website Tallies
Americas,U-wide,Canada,University of British Columbia ,15,credits,1.3333333333333333,GRO Info & FASS website Tallies
Americas,U-wide,Canada,University of Calgary,15,units,1.3333333333333333,GRO Info & FASS website Tallies
Americas,U-wide,Canada,University of Guelph,2.5,academic units,8,GRO Info & FASS website Tallies
Americas,U-wide,Canada,University of Ottawa,15,credits,1.3333333333333333,GRO Info & FASS website Tallies
Americas,U-wide,Canada,University of Toronto,2.5,credits,8,GRO Info & FASS website Tallies
Americas,U-wide,Canada,University of Victoria,7.5,units,2.6666666666666665,GRO Info & FASS website Tallies
Americas,U-wide,Canada,University of Waterloo,2.5,credits,8,GRO Info & FASS website Tallies
Americas,U-wide,Canada,Western University,2.5,credits,8,GRO Info & FASS website Tallies
Americas,BIZ,Canada,Western University Ivey Business School,2.5,credits,8,GRO's Info tallies with PVO's search
Americas,U-wide,Canada,York University,15,credits,1.3333333333333333,GRO Info & FASS website Tallies
Americas,BIZ,Canada,York University Schulich School of Business,15,SSB credits,1.3333333333333333,No Change by BIZ
Americas,BIZ,Mexico,ITAM – Autonomous Technological Institute of Mexico,24,credits,0.8333333333333334,GRO's Info tallies with PVO's search
Americas,U-wide,Mexico,Monterrey Institute of Technology and Higher Education,18,units,1.1111111111111112,GRO Info - Verified by PVO
Americas,NUSC,USA,Amherst College,16,credits,1.25,GRO Info - Verified by PVO
Americas,U-wide,USA,Arizona State University,15,credits,1.3333333333333333,GRO Info & FASS website Tallies
Americas,U-wide,USA,Boston College,15,credits,1.3333333333333333,Verified by PVO
Americas,U-wide,USA,Boston University,16,credits,1.25,GRO Info & FASS website Tallies
Americas,U-wide,USA,Brandeis University,16,credits,1.25,GRO Info & FASS website Tallies
Americas,U-wide,USA,Carleton College,2.5,credits,8,GRO's Info tallies with PVO's search
Americas,U-wide,USA,Carnegie Mellon University,45,units,0.4444444444444444,GRO Info & FASS website Tallies
Americas,U-wide,USA,Case Western Reserve University,15,credits,1.3333333333333333,GRO Info & FASS website Tallies
Americas,U-wide,USA,Clarkson University,15,credits,1.3333333333333333,GRO Info & FASS website Tallies
Americas,FoS,USA,Colgate University,4,credits,5,GRO Info - Verified by PVO
Americas,U-wide,USA,College of William & Mary,15,credits,1.3333333333333333,GRO Info & FASS website Tallies
Americas,CDE,USA,Cooper Union for the Advancement of Science and Art,17,credits,1.1764705882352942,GRO Info - Verified by PVO
Americas,U-wide,USA,Cornell University,15,credits,1.3333333333333333,GRO Info & FASS website Tallies
Americas,U-wide,USA,Emory University,15,credits,1.3333333333333333,GRO's Info tallies with PVO's search
Americas,CDE,USA,Franklin W. Olin College of Engineering,16,credits,1.25,GRO Info - Verified by PVO
Americas,U-wide,USA,George Washington University ,15,credits,1.3333333333333333,GRO Info & FASS website Tallies
Americas,U-wide,USA,Georgetown University,15,credits,1.3333333333333333,GRO Info & FASS website Tallies
Americas,U-wide,USA,Georgia Institute of Technology,15,credits,1.3333333333333333,GRO Info & FASS website Tallies
Americas,CDE,USA,Iowa State University,15,credits,1.3333333333333333,GRO's Info tallies with PVO's search
Americas,CDE,USA,John Hopkins University,17,credits,1.1764705882352942,GRO's Info tallies with PVO's search
Americas,BIZ,USA,Michigan State University,15,credits,1.3333333333333333,Units Confirmed by BIZ
Americas,U-wide,USA,Northwestern University (quarter exchange),5.625,credits,3.5555555555555554,Verified by PVO
Americas,CDE,USA,Ohio State University,15,credits,1.3333333333333333,Provided by CDE to PVO
Americas,U-wide,USA,Pennsylvania State University,15,credits,1.3333333333333333,GRO Info & FASS website Tallies
Americas,U-wide,USA,Princeton University,4,courses,5,GRO Info & FASS website Tallies
Americas,U-wide,USA,Purdue University,15,credits,1.3333333333333333,GRO Info & FASS website Tallies
Americas,U-wide,USA,Rice University,15,credits,1.3333333333333333,GRO Info & FASS website Tallies
Americas,NUSC,USA,Smith College,16,credits,1.25,GRO Info - Verified by PVO
Americas,U-wide,USA,Texas A&M University,15,credits,1.3333333333333333,GRO Info & FASS website Tallies
Americas,U-wide,USA,Tulane University,15,credits,1.3333333333333333,GRO Info & FASS website Tallies
Americas,BIZ,USA,Tulane University School of Business,15,credits,1.3333333333333333,GRO Info & FASS website Tallies
Americas,U-wide,USA,University of Alaska Fairbanks,15,credits,1.3333333333333333,GRO Info & FASS website Tallies
Americas,U-wide,USA,University of Arizona,15,credits,1.3333333333333333,GRO Info & FASS website Tallies
Americas,U-wide,USA,"University of California, Berkeley & Merced (semester exchange)",15,units,1.3333333333333333,GRO Info & FASS website Tallies
Americas,U-wide,USA,"University of California, except Berkeley & Merced (quarter exchange)",22.5,units,0.8888888888888888,GRO Info & FASS website Tallies
Americas,U-wide,USA,University of Colorado Boulder ,15,credits,1.3333333333333333,GRO Info & FASS website Tallies
Americas,U-wide,USA,University of Connecticut,15,credits,1.3333333333333333,GRO Info & FASS website Tallies
Americas,CDE,USA,University of Delaware,15,credits,1.3333333333333333,GRO Info - Verified by PVO
Americas,U-wide,USA,University of Florida,15,credits,1.3333333333333333,GRO Info & FASS website Tallies
Americas,U-wide,USA,University of Georgia,15,credits ,1.3333333333333333,GRO Info & FASS website Tallies
Americas,U-wide,USA,University of Hawaii at Manoa,15,credits,1.3333333333333333,GRO Info & FASS website Tallies
Americas,U-wide,USA,University of Illinois at Urbana Champaign,15,credits,1.3333333333333333,GRO Info & FASS website Tallies
Americas,FASS,USA,University of Kansas,15,credits,1.3333333333333333,GRO Info & FASS website Tallies
Americas,U-wide,USA,University of Maryland,15,credits,1.3333333333333333,GRO Info & FASS website Tallies
Americas,U-wide,USA,University of Miami,15,credits,1.3333333333333333,GRO Info & FASS website Tallies
Americas,U-wide,USA,University of Michigan,15,credits,1.3333333333333333,GRO Info & FASS website Tallies
Americas,BIZ,USA,University of Michigan Ross School of Business,15,Ross credits,1.3333333333333333,No Change by BIZ
Americas,CDE,USA,University of Minnesota,14,credits,1.4285714285714286,GRO's Info tallies with PVO's search
Americas,U-wide,USA,University of North Carolina at Chapel Hill,15,credits ,1.3333333333333333,GRO Info & FASS website Tallies
Americas,BIZ,USA,University of North Carolina at Chapel Hill Kenan-Flagler Business School,15,UNC credits,1.3333333333333333,GRO Info & FASS website Tallies
Americas,U-wide,USA,University of Notre Dame,15,credits,1.3333333333333333,GRO Info & FASS website Tallies
Americas,U-wide,USA,University of Oregon (quarter exchange),22.5,credits,0.8888888888888888,GRO's Info tallies with PVO's search
Americas,U-wide,USA,University of Pennsylvania,5,course units (CU),4,GRO Info & FASS website Tallies
Americas,CDE,USA,University of Pennsylvania,5,course units,4,GRO Info & FASS website Tallies
Americas,U-wide,USA,University of Pittsburgh,15,credits ,1.3333333333333333,GRO Info & FASS website Tallies
Americas,U-wide,USA,University of Southern California - Viterbi School of Engineering,15,credits,1.3333333333333333,GRO's Info tallies with PVO's search
Americas,U-wide,USA,University of Texas at Austin,15,credit hours,1.3333333333333333,GRO Info & FASS website Tallies
Americas,BIZ,USA,"University of Texas at Austin, McCombs School of Business",12,units,1.6666666666666667,GRO's Info tallies with PVO's search
Americas,U-wide,USA,University of Virginia,15,credits,1.3333333333333333,GRO Info & FASS website Tallies
Americas,U-wide,USA,"University of Washington, Seattle (quarter exchange)",22.5,credits,0.8888888888888888,GRO's Info tallies with PVO's search
Americas,U-wide,USA,University of Wisconsin-Madison,15,credits,1.3333333333333333,GRO Info & FASS website Tallies
Americas,BIZ,USA,University of Wisconsin-Madison,15,credits,1.3333333333333333,GRO Info & FASS website Tallies
Americas,CDE,USA,Vanderbilt University,15,credits,1.3333333333333333,GRO Info - Verified by PVO
Americas,NUSC,USA,Vassar College,4,credits,5,GRO Info - Verified by PVO
Americas,NUSC,USA,Wellesley College,4,credits,5,GRO Info - Verified by PVO
Asia & Australasia,U-wide,Australia,Australian National University,24,units,0.8333333333333334,GRO Info & FASS website Tallies
Asia & Australasia,BIZ,Australia,Australian National University,24,units,0.8333333333333334,GRO Info & FASS website Tallies
Asia & Australasia,FoS,Australia,La Trobe University,60,credits,0.3333333333333333,GRO Info - Verified by PVO
Asia & Australasia,U-wide,Australia,Monash University,24,credits,0.8333333333333334,GRO Info & FASS website Tallies
Asia & Australasia,BIZ,Australia,Monash University,24,credits,0.8333333333333334,GRO Info & FASS website Tallies
Asia & Australasia,BIZ,Australia,Queensland University of Technology,48,QUT Credit Points,0.4166666666666667,No Change by BIZ
Asia & Australasia,U-wide,Australia,Adelaide University,24,units,0.8333333333333334,GRO Info - Verified by PVO
Asia & Australasia,U-wide,Australia,University of Melbourne,50,points,0.4,GRO Info & FASS website Tallies
Asia & Australasia,BIZ,Australia,University of Melbourne,50,points,0.4,GRO Info & FASS website Tallies
Asia & Australasia,FoS,Australia,University of Newcastle,40,units,0.5,GRO Info - Verified by PVO
Asia & Australasia,U-wide,Australia,University of Queensland,8,units,2.5,GRO Info & FASS website Tallies
Asia & Australasia,U-wide,Australia,University of Sydney,24,cp,0.8333333333333334,GRO Info & FASS website Tallies
Asia & Australasia,U-wide,Australia,University of Western Australia,24,credits,0.8333333333333334,GRO Info & FASS website Tallies
Asia & Australasia,U-wide,Australia,University of New South Wales,24,credits,0.8333333333333334,GRO's Info tallies with PVO's search
Asia & Australasia,BIZ,Australia,University of New South Wales,24,credits,0.8333333333333334,GRO's Info tallies with PVO's search
Asia & Australasia,BIZ,China,"Chinese University of Hong Kong, Shenzhen",13,credits,1.5384615384615385,"Standardizing China, Japan, South Korea and Taiwan - Open for discussion"
Asia & Australasia,FASS,China,"Chinese University of Hong Kong, Shenzhen",13,credits,1.5384615384615385,"Standardizing China, Japan, South Korea and Taiwan - Open for discussion"
Asia & Australasia,NUSC,China,Peking University,13,credits,1.5384615384615385,"Standardizing China, Japan, South Korea and Taiwan - Open for discussion"
Asia & Australasia,BIZ,China,Peking University Guanghua School of Management,13,credits,1.5384615384615385,"Standardizing China, Japan, South Korea and Taiwan - Open for discussion"
Asia & Australasia,CDE,China,Southeast University,13,credits,1.5384615384615385,"Standardizing China, Japan, South Korea and Taiwan - Open for discussion"
Asia & Australasia,BIZ,China,Tsinghua University School of Economics and Management,13,credits,1.5384615384615385,"Standardizing China, Japan, South Korea and Taiwan - Open for discussion"
Asia & Australasia,U-wide,China,Zhejiang University,13,credits,1.5384615384615385,"Standardizing China, Japan, South Korea and Taiwan - Open for discussion"
Asia & Australasia,BIZ,China,"Zhejiang University, International Business School",13,credits,1.5384615384615385,"Standardizing China, Japan, South Korea and Taiwan - Open for discussion"
Asia & Australasia,U-wide,China,Chongqing University,13,credits,1.5384615384615385,"Standardizing China, Japan, South Korea and Taiwan - Open for discussion"
Asia & Australasia,U-wide,China,Fudan University,13,credits,1.5384615384615385,"Standardizing China, Japan, South Korea and Taiwan - Open for discussion"
Asia & Australasia,U-wide,China,Nanjing University,13,credits,1.5384615384615385,"Standardizing China, Japan, South Korea and Taiwan - Open for discussion"
Asia & Australasia,U-wide,China,Peking University,13,credits,1.5384615384615385,"Standardizing China, Japan, South Korea and Taiwan - Open for discussion"
Asia & Australasia,U-wide,China,Shanghai Jiao Tong University,13,credits,1.5384615384615385,"Standardizing China, Japan, South Korea and Taiwan - Open for discussion"
Asia & Australasia,CDE,China,Tianjin University,13,credits,1.5384615384615385,"Standardizing China, Japan, South Korea and Taiwan - Open for discussion"
Asia & Australasia,U-wide,China,Tongji University,13,credits,1.5384615384615385,"Standardizing China, Japan, South Korea and Taiwan - Open for discussion"
Asia & Australasia,U-wide,China,Tsinghua University,13,credits,1.5384615384615385,"Standardizing China, Japan, South Korea and Taiwan - Open for discussion"
Asia & Australasia,U-wide,China,Xiamen University,13,credits,1.5384615384615385,"Standardizing China, Japan, South Korea and Taiwan - Open for discussion"
Asia & Australasia,U-wide,Hong Kong,Chinese University of Hong Kong,15,CUHK credits,1.3333333333333333,GRO Info & FASS website Tallies
Asia & Australasia,BIZ,Hong Kong,Chinese University of Hong Kong,15,CUHK credits,1.3333333333333333,GRO Info & FASS website Tallies
Asia & Australasia,FoS,Hong Kong,Chinese University of Hong Kong,15,CUHK credits,1.3333333333333333,GRO Info & FASS website Tallies
Asia & Australasia,U-wide,Hong Kong,City University of Hong Kong,15,credits,1.3333333333333333,GRO Info & FASS website Tallies
Asia & Australasia,FoS,Hong Kong,City University of Hong Kong,15,credits,1.3333333333333333,GRO Info & FASS website Tallies
Asia & Australasia,BIZ,Hong Kong,City University of Hong Kong College of Business,15,credits,1.3333333333333333,GRO Info & FASS website Tallies
Asia & Australasia,U-wide,Hong Kong,Hong Kong Polytechnic University,15,Credits,1.3333333333333333,GRO Info & FASS website Tallies
Asia & Australasia,CDE,Hong Kong,Hong Kong University of Science and Technology,15,credits,1.3333333333333333,GRO Info & FASS website Tallies
Asia & Australasia,FoS,Hong Kong,Hong Kong University of Science and Technology,15,credits,1.3333333333333333,GRO Info & FASS website Tallies
Asia & Australasia,BIZ,Hong Kong,Hong Kong University of Science and Technology School of Business and Management,15,credits,1.3333333333333333,GRO Info & FASS website Tallies
Asia & Australasia,SoC,Hong Kong,Hong Kong University of Science and Technology School of Engineering,15,credits,1.3333333333333333,GRO Info & FASS website Tallies
Asia & Australasia,U-wide,Hong Kong,University of Hong Kong,30,credits,0.6666666666666666,GRO Info & FASS website Tallies
Asia & Australasia,FoS,Hong Kong,University of Hong Kong,30,credits,0.6666666666666666,GRO Info & FASS website Tallies
Asia & Australasia,BIZ,Hong Kong,University of Hong Kong Business School,30,credits,0.6666666666666666,GRO Info & FASS website Tallies
Asia & Australasia,CDE,India,"Indian Institute of Technology, Bombay",22.5,credits,0.8888888888888888,GRO Info - Verified by PVO
Asia & Australasia,FASS,Indonesia,University of Gadjah Mada,18,credits,1.1111111111111112,GRO's Info tallies with PVO's search
Asia & Australasia,FASS,Japan,Akita International University,15.5,credits,1.2903225806451613,GRO Info & FASS website Tallies
Asia & Australasia,FASS,Japan,International Christian University,15.5,credits,1.2903225806451613,"Standardizing China, Japan, South Korea and Taiwan - Open for discussion"
Asia & Australasia,U-wide,Japan,Keio University,15.5,credits,1.2903225806451613,GRO Info & FASS website Tallies
Asia & Australasia,FASS,Japan,Kwansei Gakuin University,15.5,credits,1.2903225806451613,"Standardizing China, Japan, South Korea and Taiwan - Open for discussion"
Asia & Australasia,CDE,Japan,Kyoto Institute of Technology,15.5,credits,1.2903225806451613,Provided by CDE to PVO
Asia & Australasia,U-wide,Japan,Kyoto University,15.5,credits,1.2903225806451613,GRO Info & FASS website Tallies
Asia & Australasia,CDE,Japan,Meiji University,15.5,credits,1.2903225806451613,"Standardizing China, Japan, South Korea and Taiwan - Open for discussion"
Asia & Australasia,FASS,Japan,Meiji University (School of Global Japanese Studies),15.5,credits,1.2903225806451613,"Standardizing China, Japan, South Korea and Taiwan - Open for discussion"
Asia & Australasia,U-wide,Japan,Nagoya University,15.5,credits,1.2903225806451613,GRO Info & FASS website Tallies
Asia & Australasia,FASS,Japan,Rikkyo University,15.5,credits,1.2903225806451613,"Standardizing China, Japan, South Korea and Taiwan - Open for discussion"
Asia & Australasia,NUSC,Japan,Rikkyo University,15.5,credits,1.2903225806451613,"Standardizing China, Japan, South Korea and Taiwan - Open for discussion"
Asia & Australasia,FASS,Japan,Ritsumeikan University,15.5,credits,1.2903225806451613,"Standardizing China, Japan, South Korea and Taiwan - Open for discussion"
Asia & Australasia,FASS,Japan,Tokyo University of Foreign Studies,15.5,credits,1.2903225806451613,"Standardizing China, Japan, South Korea and Taiwan - Open for discussion"
Asia & Australasia,FoS,Japan,University of Tokyo (College of Arts and Sciences),15.5,credits,1.2903225806451613,"Standardizing China, Japan, South Korea and Taiwan - Open for discussion"
Asia & Australasia,U-wide,Japan,Osaka University,15.5,credits,1.2903225806451613,"Standardizing China, Japan, South Korea and Taiwan - Open for discussion"
Asia & Australasia,U-wide,Japan,Tohoku University,15.5,credits,1.2903225806451613,"Standardizing China, Japan, South Korea and Taiwan - Open for discussion"
Asia & Australasia,U-wide,Japan,Institute of Science Tokyo,15.5,credits,1.2903225806451613,"Standardizing China, Japan, South Korea and Taiwan - Open for discussion"
Asia & Australasia,U-wide,Japan,University of Tokyo,15.5,credits,1.2903225806451613,"Standardizing China, Japan, South Korea and Taiwan - Open for discussion"
Asia & Australasia,U-wide,Japan,Waseda University,15.5,credits,1.2903225806451613,"Standardizing China, Japan, South Korea and Taiwan - Open for discussion"
Asia & Australasia,U-wide,New Zealand,University of Auckland,60,points,0.3333333333333333,GRO Info & FASS website Tallies
Asia & Australasia,BIZ,New Zealand,University of Auckland,60,points,0.3333333333333333,GRO Info & FASS website Tallies
Asia & Australasia,U-wide,New Zealand,University of Canterbury,60,points,0.3333333333333333,GRO Info & FASS website Tallies
Asia & Australasia,U-wide,New Zealand,University of Otago,60,credits,0.3333333333333333,GRO Info & FASS website Tallies
Asia & Australasia,U-wide,New Zealand,Victoria University of Wellington,60,points,0.3333333333333333,GRO Info & FASS website Tallies
Asia & Australasia,FASS,South Korea,Ewha Womans University,15,credits,1.3333333333333333,"Standardizing China, Japan, South Korea and Taiwan - Open for discussion"
Asia & Australasia,CDE,South Korea,Ewha Womans University,15,credits,1.3333333333333333,"Standardizing China, Japan, South Korea and Taiwan - Open for discussion"
Asia & Australasia,FASS,South Korea,Hankuk University of Foreign Studies,15,credits,1.3333333333333333,"Standardizing China, Japan, South Korea and Taiwan - Open for discussion"
Asia & Australasia,CDE,South Korea,Hanyang University,15,credits,1.3333333333333333,"Standardizing China, Japan, South Korea and Taiwan - Open for discussion"
Asia & Australasia,BIZ,South Korea,Korea University Business School,15,credits,1.3333333333333333,"Standardizing China, Japan, South Korea and Taiwan - Open for discussion"
Asia & Australasia,U-wide,South Korea,Pohang University of Science and Technology,15,credits,1.3333333333333333,"Standardizing China, Japan, South Korea and Taiwan - Open for discussion"
Asia & Australasia,U-wide,South Korea,Seoul National University,15,credits,1.3333333333333333,"Standardizing China, Japan, South Korea and Taiwan - Open for discussion"
Asia & Australasia,NUSC,South Korea,Seoul National University,15,credits,1.3333333333333333,"Standardizing China, Japan, South Korea and Taiwan - Open for discussion"
Asia & Australasia,BIZ,South Korea,Seoul National University Business School,15,credits,1.3333333333333333,"Standardizing China, Japan, South Korea and Taiwan - Open for discussion"
Asia & Australasia,CDE,South Korea,University of Seoul,15,credits,1.3333333333333333,"Standardizing China, Japan, South Korea and Taiwan - Open for discussion"
Asia & Australasia,U-wide,South Korea,Korea Advanced Institute of Science and Technology,15,credits,1.3333333333333333,"Standardizing China, Japan, South Korea and Taiwan - Open for discussion"
Asia & Australasia,U-wide,South Korea,Korea University,15,credits,1.3333333333333333,"Standardizing China, Japan, South Korea and Taiwan - Open for discussion"
Asia & Australasia,U-wide,South Korea,Yonsei University,15,credits,1.3333333333333333,"Standardizing China, Japan, South Korea and Taiwan - Open for discussion"
Asia & Australasia,BIZ,South Korea,Yonsei University,15,credits,1.3333333333333333,"Standardizing China, Japan, South Korea and Taiwan - Open for discussion"
Asia & Australasia,FoS,Taiwan,Chang Gung University,15,credits,1.3333333333333333,"Standardizing China, Japan, South Korea and Taiwan - Open for discussion"
Asia & Australasia,FASS,Taiwan,National Chengchi University,15,credits,1.3333333333333333,GRO Info & FASS website Tallies
Asia & Australasia,BIZ,Taiwan,National Chengchi University College of Commerce,15,credits,1.3333333333333333,"Standardizing China, Japan, South Korea and Taiwan - Open for discussion"
Asia & Australasia,BIZ,Taiwan,National Taiwan University College of Management,15,credits,1.3333333333333333,"Standardizing China, Japan, South Korea and Taiwan - Open for discussion"
Asia & Australasia,CDE,Taiwan,National Taiwan University of Science and Technology,15,credits,1.3333333333333333,"Standardizing China, Japan, South Korea and Taiwan - Open for discussion"
Asia & Australasia,CDE,Taiwan,Tunghai University,15,credits,1.3333333333333333,"Standardizing China, Japan, South Korea and Taiwan - Open for discussion"
Asia & Australasia,U-wide,Taiwan,National Cheng Kung University,15,credits,1.3333333333333333,"Standardizing China, Japan, South Korea and Taiwan - Open for discussion"
Asia & Australasia,U-wide,Taiwan,National Taiwan University,15,credits,1.3333333333333333,"Standardizing China, Japan, South Korea and Taiwan - Open for discussion"
Asia & Australasia,U-wide,Taiwan,National Tsing Hua University,15,credits,1.3333333333333333,"Standardizing China, Japan, South Korea and Taiwan - Open for discussion"
Asia & Australasia,U-wide,Taiwan,National Yang Ming Chiao Tung University,15,credits,1.3333333333333333,"Standardizing China, Japan, South Korea and Taiwan - Open for discussion"
Asia & Australasia,U-wide,Thailand,Chulalongkorn University,15,credits,1.3333333333333333,GRO's Info tallies with PVO's search
Asia & Australasia,CDE,Thailand,Chulalongkorn University,15,credits,1.3333333333333333,GRO's Info tallies with PVO's search
Asia & Australasia,U-wide,Thailand,Mahidol University,16,credits,1.25,GRO Info & FASS website Tallies
Europe,FoS,Austria,Management Center Innsbruck Internationale Hochschule GmbH,30,ECTS,0.6666666666666666,GRO Info & FASS website Tallies
Europe,U-wide,Austria,University of Innsbruck,30,ECTS,0.6666666666666666,GRO Info & FASS website Tallies
Europe,BIZ,Austria,Vienna University of Economics and Business,30,ECTS,0.6666666666666666,European University - standard
Europe,BIZ,Belgium,"Catholic University of Louvain, Louvain School of Management",30,ECTS,0.6666666666666666,Units Proposed by BIZ
Europe,U-wide,Belgium,KU Leuven,30,ECTS,0.6666666666666666,European University - standard
Europe,U-wide,Belgium,University of Antwerp,30,ECTS,0.6666666666666666,GRO Info & FASS website Tallies
Europe,BIZ,Belgium,University of Antwerp,30,ECTS,0.6666666666666666,GRO Info & FASS website Tallies
Europe,BIZ,Belgium,"University of Brussels, Solvay Business School",30,ECTS,0.6666666666666666,European University - standard
Europe,U-wide,Croatia,University of Zagreb,30,ECTS,0.6666666666666666,GRO Info & FASS website Tallies
Europe,CDE,Czech Republic,Czech Technical University in Prague,30,ECTS,0.6666666666666666,GRO's Info tallies with PVO's search
Europe,CDE,Denmark,Aalborg University,30,ECTS,0.6666666666666666,European University - standard
Europe,U-wide,Denmark,Aarhus University,30,ECTS,0.6666666666666666,GRO Info & FASS website Tallies
Europe,BIZ,Denmark,Aarhus University,30,ECTS,0.6666666666666666,GRO Info & FASS website Tallies
Europe,BIZ,Denmark,Copenhagen Business School,30,ECTS,0.6666666666666666,European University - standard
Europe,U-wide,Denmark,Technical University of Denmark,30,ECTS,0.6666666666666666,European University - standard
Europe,U-wide,Denmark,University of Copenhagen,30,ECTS,0.6666666666666666,GRO Info & FASS website Tallies
Europe,CDE,Denmark,University of Southern Denmark,30,ECTS,0.6666666666666666,European University - standard
Europe,U-wide,Estonia,Tallinn University of Technology,30,ECTS,0.6666666666666666,GRO Info & FASS website Tallies
Europe,CDE,Finland,Aalto University,30,ECTS,0.6666666666666666,European University - standard
Europe,BIZ,Finland,"Aalto University, Helsinki",30,ECTS,0.6666666666666666,European University - standard
Europe,BIZ,Finland,"Aalto University, Mikkeli",30,ECTS,0.6666666666666666,European University - standard
Europe,CDE,Finland,Tampere University,30,ECTS,0.6666666666666666,European University - standard
Europe,U-wide,Finland,University of Helsinki,30,ECTS,0.6666666666666666,GRO Info & FASS website Tallies
Europe,CDE,Finland,University of Oulu,30,ECTS,0.6666666666666666,European University - standard
Europe,CDE,France,Ecole Speciale d'Architecture,30,ECTS,0.6666666666666666,European University - standard
Europe,CDE,France,ENSCI Les Ateliers - Ecole National Superieure de Creation Industrielle,30,ECTS,0.6666666666666666,European University - standard
Europe,BIZ,France,ESSEC Business School,30,ECTS,0.6666666666666666,European University - standard
Europe,BIZ,France,HEC Paris,30,ECTS,0.6666666666666666,Units Proposed by BIZ
Europe,CDE,France,Institut Superieur de Design,30,ECTS,0.6666666666666666,European University - standard
Europe,CDE,France,ISAE-Supaero,30,ECTS,0.6666666666666666,European University - standard
Europe,U-wide,France,Sciences Po,30,ECTS,0.6666666666666666,GRO Info & FASS website Tallies
Europe,FASS,France,Sciences Po Bordeaux,30,ECTS,0.6666666666666666,GRO Info & FASS website Tallies
Europe,CDE,France,Strate School of Design,30,ECTS,0.6666666666666666,European University - standard
Europe,U-wide,France,CentraleSupélec,30,ECTS,0.6666666666666666,European University - standard
Europe,U-wide,France,INSA Lyon – National Institute of Applied Sciences of Lyon,30,ECTS,0.6666666666666666,European University - standard
Europe,U-wide,France,Mines ParisTech,30,ECTS,0.6666666666666666,GRO's Info tallies with PVO's search
Europe,U-wide,France,Télécom Paris,30,ECTS,0.6666666666666666,European University - standard
Europe,U-wide,France,University Grenoble Alpes,30,ECTS,0.6666666666666666,European University - standard
Europe,U-wide,France,University of Technology of Compiègne,30,ECTS,0.6666666666666666,European University - standard
Europe,U-wide,France,University of Technology of Troyes,30,ECTS,0.6666666666666666,European University - standard
Europe,CDE,Germany,Esslingen University of Applied Sciences,30,ECTS,0.6666666666666666,European University - standard
Europe,BIZ,Germany,European Business School,30,ECTS,0.6666666666666666,European University - standard
Europe,FASS,Germany,Georg-August-University,30,ECTS,0.6666666666666666,European University - standard
Europe,FoS,Germany,Georg-August-University,30,ECTS,0.6666666666666666,European University - standard
Europe,BIZ,Germany,Mannheim Business School,30,ECTS,0.6666666666666666,European University - standard
Europe,FoS,Germany,RPTU Kaiserslautern-Landau,30,ECTS,0.6666666666666666,European University - standard
Europe,CDE,Germany,Technical University of Berlin,30,ECTS,0.6666666666666666,European University - standard
Europe,BIZ,Germany,University of Cologne,30,ECTS,0.6666666666666666,European University - standard
Europe,CDE,Germany,University of Wuppertal,30,ECTS,0.6666666666666666,European University - standard
Europe,BIZ,Germany,WHU-Otto Beisheim School of Management,30,ECTS,0.6666666666666666,European University - standard
Europe,U-wide,Germany,Free University of Berlin,30,ECTS,0.6666666666666666,European University - standard
Europe,U-wide,Germany,Hamburg University of Technology (TUHH),30,ECTS,0.6666666666666666,European University - standard
Europe,U-wide,Germany,Humboldt University of Berlin,30,ECTS,0.6666666666666666,European University - standard
Europe,U-wide,Germany,Karlsruhe Institute of Technology,30,ECTS,0.6666666666666666,European University - standard
Europe,U-wide,Germany,LMU Munich,30,ECTS,0.6666666666666666,European University - standard
Europe,U-wide,Germany,RWTH Aachen University,30,ECTS,0.6666666666666666,European University - standard
Europe,U-wide,Germany,Technical University of Darmstadt,30,ECTS,0.6666666666666666,European University - standard
Europe,U-wide,Germany,Technical University of Munich,30,ECTS,0.6666666666666666,European University - standard
Europe,BIZ,Germany,Technical University of Munich,30,ECTS,0.6666666666666666,European University - standard
Europe,U-wide,Germany,Ulm University,30,ECTS,0.6666666666666666,European University - standard
Europe,U-wide,Germany,University of Bonn,30,ECTS,0.6666666666666666,European University - standard
Europe,U-wide,Germany,University of Freiburg,30,ECTS,0.6666666666666666,European University - standard
Europe,U-wide,Germany,University of Heidelberg,30,ECTS,0.6666666666666666,European University - standard
Europe,U-wide,Germany,University of Hohenheim,30,ECTS,0.6666666666666666,European University - standard
Europe,U-wide,Germany,University of Konstanz,30,ECTS,0.6666666666666666,European University - standard
Europe,U-wide,Germany,University of Mannheim,30,ECTS,0.6666666666666666,European University - standard
Europe,U-wide,Germany,University of Stuttgart,30,ECTS,0.6666666666666666,European University - standard
Europe,U-wide,Germany,University of Tübingen,30,ECTS,0.6666666666666666,European University - standard
Europe,U-wide,Hungary,Budapest University of Technology and Economics,30,ECTS,0.6666666666666666,European University - standard
Europe,BIZ,Hungary,Corvinus University of Budapest,30,ECTS,0.6666666666666666,Units Proposed by BIZ
Europe,U-wide,Iceland,University of Iceland,30,ECTS,0.6666666666666666,GRO Info & FASS website Tallies
Europe,U-wide,Ireland,Trinity College Dublin,30,ECTS,0.6666666666666666,European University - standard
Europe,U-wide,Ireland,University College Cork,30,ECTS,0.6666666666666666,European University - standard
Europe,FoS,Ireland,University College Cork,30,ECTS,0.6666666666666666,European University - standard
Europe,U-wide,Ireland,University College Dublin,30,ECTS,0.6666666666666666,European University - standard
Europe,BIZ,Ireland,University College Dublin,30,ECTS,0.6666666666666666,European University - standard
Europe,FASS,Italy,Bocconi University,30,ECTS,0.6666666666666666,European University - standard
Europe,FoS,Italy,Catholic University of the Sacred Heart,30,ECTS,0.6666666666666666,European University - standard
Europe,CDE,Italy,Polytechnic University of Milan (Politecnico di Milano),30,ECTS,0.6666666666666666,European University - standard
Europe,CDE,Italy,Polytechnic University of Turin (Politecnico di Torino),30,CFU (30 ECTS),0.6666666666666666,GRO Info - Verified by PVO
Europe,U-wide,Italy,University of Bologna,30,ECTS,0.6666666666666666,European University - standard
Europe,BIZ,Italy,University of Commerce 'Luigi Bocconi' Milan,30,ECTS,0.6666666666666666,European University - standard
Europe,U-wide,Lithuania,Vilnius University,30,ECTS,0.6666666666666666,GRO Info & FASS website Tallies
Europe,FASS,Netherlands,"Erasmus School of History, Culture and Communication",30,ECTS,0.6666666666666666,European University - standard
Europe,FASS,Netherlands,Erasmus School of Social and Behavioural Sciences,30,ECTS,0.6666666666666666,European University - standard
Europe,FASS,Netherlands,Leiden University,30,ECTS,0.6666666666666666,European University - standard
Europe,FoS,Netherlands,Leiden University (Faculty of Science),30,ECTS,0.6666666666666666,European University - standard
Europe,FoS,Netherlands,Leiden University Medical Centre,30,ECTS,0.6666666666666666,European University - standard
Europe,BIZ,Netherlands,Maastricht University,30,ECTS,0.6666666666666666,European University - standard
Europe,FASS,Netherlands,Maastricht University,30,ECTS,0.6666666666666666,European University - standard
Europe,FoS,Netherlands,Radbound University Nijmegen,30,ECTS,0.6666666666666666,GRO Info - Verified by PVO
Europe,BIZ,Netherlands,"Rotterdam School of Management, Erasmus University",30,EC,0.6666666666666666,GRO Info & FASS website Tallies
Europe,BIZ,Netherlands,Tilburg University,30,ECTS,0.6666666666666666,European University - standard
Europe,U-wide,Netherlands,Delft University of Technology,30,ECTS,0.6666666666666666,European University - standard
Europe,U-wide,Netherlands,Eindhoven University of Technology,30,ECTS,0.6666666666666666,European University - standard
Europe,U-wide,Netherlands,University of Amsterdam,30,ECTS,0.6666666666666666,European University - standard
Europe,U-wide,Netherlands,Utrecht University,30,ECTS,0.6666666666666666,European University - standard
Europe,BIZ,Norway,BI Norwegian Business School,30,ECTS,0.6666666666666666,European University - standard
Europe,BIZ,Norway,Norwegian School of Economics,30,ECTS,0.6666666666666666,European University - standard
Europe,U-wide,Norway,Norwegian University of Science and Technology,30,ECTS,0.6666666666666666,GRO Info & FASS website Tallies
Europe,U-wide,Norway,University of Oslo,30,ECTS,0.6666666666666666,GRO Info & FASS website Tallies
Europe,BIZ,Poland,Warsaw School of Economics,30,ECTS,0.6666666666666666,European University - standard
Europe,U-wide,Poland,Cracow University of Technology,30,ECTS,0.6666666666666666,European University - standard
Europe,U-wide,Poland,Jagiellonian University,30,ECTS,0.6666666666666666,European University - standard
Europe,U-wide,Poland,Warsaw University of Technology,30,ECTS,0.6666666666666666,European University - standard
Europe,BIZ,Portugal,"Catholic University of Portugal, Católica Lisbon School of Business and Economics",30,ECTS,0.6666666666666666,European University - standard
Europe,BIZ,Portugal,Nova School of Business and Economics,30,ECTS,0.6666666666666666,Units Proposed by BIZ
Europe,BIZ,Slovenia,University of Ljubljana,30,ECTS,0.6666666666666666,European University - standard
Europe,U-wide,Spain,Autonomous University of Barcelona ,30,ECTS,0.6666666666666666,European University - standard
Europe,U-wide,Spain,Autonomous University of Madrid,30,ECTS,0.6666666666666666,European University - standard
Europe,BIZ,Spain,ESADE Business School,30,ECTS,0.6666666666666666,European University - standard
Europe,BIZ,Spain,IE Business School,30,ECTS,0.6666666666666666,European University - standard
Europe,CDE,Spain,UIC Catalunya,30,ECTS,0.6666666666666666,European University - standard
Europe,BIZ,Spain,University of Navarra,30,ECTS,0.6666666666666666,European University - standard
Europe,CDE,Spain,University of Navarra,30,ECTS,0.6666666666666666,European University - standard
Europe,CDE,Sweden,Blekinge Institute of Technology,30,ECTS,0.6666666666666666,European University - standard
Europe,FoS,Sweden,Karolinska Institute,30,ECTS,0.6666666666666666,European University - standard
Europe,SoC,Sweden,Karolinska Institute,30,ECTS,0.6666666666666666,European University - standard
Europe,CDE,Sweden,Linkoping University,30,ECTS,0.6666666666666666,European University - standard
Europe,U-wide,Sweden,Lund University,30,ECTS,0.6666666666666666,GRO Info & FASS website Tallies
Europe,BIZ,Sweden,Lund University,30,ECTS,0.6666666666666666,GRO Info & FASS website Tallies
Europe,FASS,Sweden,Stockholm School of Economics,30,ECTS,0.6666666666666666,European University - standard
Europe,BIZ,Sweden,Stockholm School of Economics,30,ECTS,0.6666666666666666,European University - standard
Europe,U-wide,Sweden,Chalmers University of Technology,30,ECTS,0.6666666666666666,European University - standard
Europe,U-wide,Sweden,KTH Royal Institute of Technology,30,ECTS,0.6666666666666666,European University - standard
Europe,U-wide,Sweden,Stockholm University,30,ECTS,0.6666666666666666,European University - standard
Europe,BIZ,Sweden,Stockholm University,30,ECTS,0.6666666666666666,European University - standard
Europe,SoC,Sweden,Stockholm University,30,ECTS,0.6666666666666666,European University - standard
Europe,U-wide,Sweden,University of Gothenburg,30,ECTS,0.6666666666666666,European University - standard
Europe,U-wide,Sweden,Uppsala University,30,ECTS,0.6666666666666666,European University - standard
Europe,BIZ,Sweden,Uppsala University,30,ECTS,0.6666666666666666,European University - standard
Europe,CDE,Switzerland,ECAL – University of Art and Design Lausanne,30,ECTS,0.6666666666666666,European University - standard
Europe,U-wide,Switzerland,University of Geneva,30,ECTS,0.6666666666666666,GRO Info & FASS website Tallies
Europe,U-wide,Switzerland,University of Lausanne,30,ECTS,0.6666666666666666,GRO Info & FASS website Tallies
Europe,BIZ,Switzerland,University of Lausanne,30,ECTS,0.6666666666666666,GRO Info & FASS website Tallies
Europe,BIZ,Switzerland,University of St Gallen,30,ECTS,0.6666666666666666,European University - standard
Europe,U-wide,Switzerland,EPFL – Swiss Federal Institute of Technology Lausanne,30,ECTS,0.6666666666666666,European University - standard
Europe,U-wide,Switzerland,ETH Zurich – Swiss Federal Institute of Technology Zurich,30,ECTS,0.6666666666666666,European University - standard
Europe,U-wide,Switzerland,University of Zurich,30,ECTS,0.6666666666666666,European University - standard
Europe,U-wide,Turkiye,Bilkent University,15,credits,1.3333333333333333,GRO Info & FASS website Tallies
Europe,U-wide,Turkiye,Sabanci University,15,credits (30 ECS),1.3333333333333333,GRO Info & FASS website Tallies
Europe,BIZ,Turkiye,Sabanci University,15,credits (30 ECS),1.3333333333333333,GRO Info & FASS website Tallies
Europe,BIZ,United Kingdom,City University of London,60,credits,0.3333333333333333,Standardise UK to 60 CATS credits
Europe,U-wide,United Kingdom,Durham University,60,credits,0.3333333333333333,Standardise UK to 60 CATS credits
Europe,U-wide,United Kingdom,Imperial College London,30,ECTS,0.6666666666666666,GRO Info - Verified by PVO
Europe,U-wide,United Kingdom,King's College London,60,credits,0.3333333333333333,Standardise UK to 60 CATS credits
Europe,U-wide,United Kingdom,London School of Economics,2,units,10,GRO Info - verified by PVO
Europe,CDE,United Kingdom,Loughborough University,60,credits,0.3333333333333333,Standardise UK to 60 CATS credits
Europe,FASS,United Kingdom,Loughborough University,60,credits,0.3333333333333333,Standardise UK to 60 CATS credits
Europe,U-wide,United Kingdom,University College London,60,credits,0.3333333333333333,Standardise UK to 60 CATS credits
Europe,CDE,United Kingdom,University of Aberdeen,60,credits,0.3333333333333333,Standardise UK to 60 CATS credits
Europe,U-wide,United Kingdom,University of Bath,30,ECTS,0.6666666666666666,GRO Info - Verified by PVO
Europe,BIZ,United Kingdom,University of Bath,30,ECTS,0.6666666666666666,GRO Info - Verified by PVO
Europe,U-wide,United Kingdom,University of Birmingham,60,credits,0.3333333333333333,Standardise UK to 60 CATS credits
Europe,U-wide,United Kingdom,University of Bristol,60,credits,0.3333333333333333,Standardise UK to 60 CATS credits
Europe,FoS,United Kingdom,University of Dundee,60,SCOTCAT credits,0.3333333333333333,Standardise UK to 60 CATS credits
Europe,U-wide,United Kingdom,University of Edinburgh,60,credits,0.3333333333333333,Standardise UK to 60 CATS credits
Europe,U-wide,United Kingdom,University of Glasgow,60,credits,0.3333333333333333,Standardise UK to 60 CATS credits
Europe,U-wide,United Kingdom,University of Leeds,60,credits,0.3333333333333333,Standardise UK to 60 CATS credits
Europe,BIZ,United Kingdom,University of Leeds,60,credits,0.3333333333333333,Standardise UK to 60 CATS credits
Europe,U-wide,United Kingdom,University of Liverpool,60,credits,0.3333333333333333,Standardise UK to 60 CATS credits
Europe,U-wide,United Kingdom,University of Manchester,60,credits,0.3333333333333333,Standardise UK to 60 CATS credits
Europe,BIZ,United Kingdom,University of Manchester,60,credits,0.3333333333333333,Standardise UK to 60 CATS credits
Europe,U-wide,United Kingdom,University of Newcastle upon Tyne,60,credits,0.3333333333333333,Standardise UK to 60 CATS credits
Europe,U-wide,United Kingdom,University of Nottingham,60,credits,0.3333333333333333,Standardise UK to 60 CATS credits
Europe,U-wide,United Kingdom,University of Sheffield,60,credits,0.3333333333333333,Standardise UK to 60 CATS credits
Europe,CDE,United Kingdom,University of Southamptom,60,credits,0.3333333333333333,Standardise UK to 60 CATS credits
Europe,U-wide,United Kingdom,University of St Andrews,60,credits,0.3333333333333333,Standardise UK to 60 CATS credits
Europe,CDE,United Kingdom,University of Strathclyde,60,credits,0.3333333333333333,Standardise UK to 60 CATS credits
Europe,U-wide,United Kingdom,University of Warwick,60,credits,0.3333333333333333,Standardise UK to 60 CATS credits
Europe,BIZ,United Kingdom,University of Warwick,60,credits,0.3333333333333333,Standardise UK to 60 CATS credits
Europe,U-wide,United Kingdom,University of York,60,credits,0.3333333333333333,Standardise UK to 60 CATS credits
Middle East & Africa,CDE,South Africa,Stellenbosch University,30,ECTS (60 credits),0.6666666666666666,GRO Info - Verified by PVO
Singapore,U-wide,Singapore,Nanyang Technological University,16,units,1.25,
Singapore,U-wide,Singapore,Singapore Institute of Technology,30,credits,0.6666666666666666,
Singapore,U-wide,Singapore,Singapore Management University,4,units,5,
Singapore,U-wide,Singapore,Singapore University of Social Sciences,30,CU,0.6666666666666666,
Singapore,U-wide,Singapore,Singapore University of Technology and Design,48,credits,0.4166666666666667,GRO Info - Verified by PVO
